<?xml version="1.0" encoding="ISO-8859-1"?>
<metadata>
	<idinfo>
		<citation>
			<citeinfo>
				<origin>
U.S. Geological Survey or another mapping agency in
cooperation with USGS.
</origin>
				<pubdate>19850101</pubdate>
				<title Sync="TRUE">truidoso</title>
				<geoform Sync="TRUE">vector digital data</geoform>
				<pubinfo>
					<pubplace>Reston, Virginia</pubplace>
					<publish>U.S. Geological Survey</publish>
				</pubinfo>
				<onlink>n/a</onlink>
				<ftname Sync="TRUE">truidoso</ftname></citeinfo>
		</citation>
		<descript>
			<abstract>
Digital line graph (DLG) data are digital representations of
cartographic information. DLG's of map features are
converted to digital form from maps and related sources.
Intermediate-scale DLG data are derived from USGS
1:100,000-scale 30- by 60-minute quadrangle maps. If these
maps are not available, Bureau of Land Management
planimetric maps at a scale of 1: 100,000 are used.
Intermediate-scale DLG's are sold in five categories: (1)
Public Land Survey System; (2) boundaries (3)
transportation; (4) hydrography; and (5) hypsography. All
DLG data distributed by the USGS are DLG - Level 3 (DLG-3),
which means the data contain a full range of attribute
codes, have full topological structuring, and have passed
certain quality-control checks.
</abstract>
			<purpose>
DLG's depict information about geographic features on or near
the surface of the Earth, terrain, and political and administrative
units.  These data were collected as part of the National Mapping
Program.
</purpose>
			<langdata Sync="TRUE">en</langdata></descript>
		<timeperd>
			<timeinfo>
				<rngdates>
					<begdate>19870619</begdate>
					<enddate>Present</enddate>
				</rngdates>
				<sngdate><caldate>REQUIRED: The year (and optionally month, or month and day) for which the data set corresponds to the ground.</caldate></sngdate></timeinfo>
			<current>publication date</current>
		</timeperd>
		<status>
			<progress>In work</progress>
			<update>Irregular</update>
		</status>
		<spdom>
			<bounding>
				<westbc Sync="TRUE">-106.000053</westbc>
				<eastbc Sync="TRUE">-104.999870</eastbc>
				<northbc Sync="TRUE">33.500309</northbc>
				<southbc Sync="TRUE">32.999744</southbc>
			</bounding>
			<lboundng><leftbc Sync="TRUE">-106.000053</leftbc><rightbc Sync="TRUE">-104.999870</rightbc><bottombc Sync="TRUE">32.999744</bottombc><topbc Sync="TRUE">33.500309</topbc></lboundng></spdom>
		<keywords>
			<theme>
				<themekt>None.</themekt>
				<themekey>digital line graph</themekey>
				<themekey>DLG</themekey>
				<themekey>hydrography</themekey>
				<themekey>transportation</themekey>
				<themekey>boundaries</themekey>
				<themekey>U.S. Public Land Survey System</themekey>
				<themekey>hypsography</themekey>
			</theme>
			<place>
				<placekt>
U.S. Department of Commerce, 1977, Countries,  dependencies,
areas of special sovereignty, and their principal administrative divisions
(Federal Information Processing Standard 10-3):Washington, D.C.,
National Institute of Standards and Technology.
</placekt>
				<placekey>US</placekey>
				<placekey>NM</placekey>
			</place>
			<place>
				<placekt>
U.S. Department of Commerce, 1987, Codes for the identification
of the States, the District of Columbia  and the outlying areas of
The United States, and associated areas
(Federal Information Processing Standard 5-2):Washington ,D. C.,
National Institute of Standards and Technology.
</placekt>
				<placekey>FIPS codes for states covered</placekey>
			</place>
		</keywords>
		<accconst>None</accconst>
		<useconst>
None.  Acknowledgement of the U.S. Geological Survey would
be appreciated in products derived from these data.
</useconst>
		<ptcontac>
			<cntinfo>
				<cntorgp>
					<cntorg>USGS</cntorg>
				</cntorgp>
				<cntpos>Clearinghouse Manager</cntpos>
				<cntaddr>
					<addrtype>mailing and physical address</addrtype>
					<address>508 National Center</address>
					<city>Reston</city>
					<state>VA</state>
					<postal>20192</postal>
					<country>USA</country>
				</cntaddr>
				<cntvoice>703-648-4543</cntvoice>
			</cntinfo>
		</ptcontac>
		<native Sync="TRUE">Microsoft Windows 2000 Version 5.0 (Build 2195) Service Pack 4; ESRI ArcCatalog 9.2.2.1350</native>
		<natvform Sync="TRUE">Shapefile</natvform></idinfo>
	<dataqual>
		<attracc>
			<attraccr>Refer to Positional_Accuracy element.</attraccr>
		</attracc>
		<logic>
Topological requirements include: lines must begin and end at
nodes, lines must connect to each other at nodes, lines do not
extend through nodes, left and right areas are defined for each
line element and are consistent throughout the file, and the
lines representing the limits of the file (neatline) are free of
gaps.

The tests of logical consistency were performed by the USGS
PROSYS program.  The neatline was generated by connecting the
four corners of the digital file, as established during initialization
of the digital file.  All data outside the enclosed region were ignored
and all data crossing these geographically straight lines were clipped at
the neatline. Data within a specified tolerance of the neatline
were snapped to the neatline.  Neatline straightening aligned the
digitized edges of the digital data with the generated neatline,
that is, with the longitude/latitude lines in geographic
coordinates.  All internal areas were tested for closure using
PROSYS.
</logic>
		<complete>
For Digital Revision Status = Not revised
Data completeness reflects the content of the source quadrangle.
Features may have been eliminated or generalized on the source
graphic, due to scale and legibility constraints.

For Digital Revision Status = Limited Update
This file has undergone limited update digital revision.  The
file contains only (1) those features that are photoidentifiable
on monoscopic source, supplemented with limited ancillary source,
and (2) those features, present on the original source quadrangle,
that can not be reliably photoidentified but that are not
considered particularly prone to change.

For Digital Revision Status = Standard Update
This file has undergone standard update digital revision. The
data completeness of this file meets NMD standards for feature
content.
</complete>
		<posacc>
			<horizpa>
				<horizpar>For Digital Revision Status = Not revised:</horizpar>
			</horizpa>
			<vertacc>
				<vertaccr>
For Hypsography and Hydrography Only:
For Digital Revision Status = Not revised:
</vertaccr>
			</vertacc>
		</posacc>
		<lineage>
			<srcinfo>
				<srccite>
					<citeinfo>
						<origin>U.S. Geological Survey or another mapping agency in cooperation with USGS.</origin>
						<pubdate>Unknown</pubdate>
						<title>The Topographic Map Names Data Base designation for the source quadrangle.</title>
						<geoform>map</geoform>
						<pubinfo>
							<pubplace>Reston, Virginia</pubplace>
							<publish>U.S. Geological Survey</publish>
						</pubinfo>
					</citeinfo>
				</srccite>
				<srcscale>100000</srcscale>
				<typesrc>stable-base material</typesrc>
				<srctime>
					<timeinfo>
						<rngdates>
							<begdate>19870619</begdate>
							<enddate>Present</enddate>
						</rngdates>
					</timeinfo>
					<srccurr>ground condition</srccurr>
				</srctime>
				<srccitea>MAP1</srccitea>
				<srccontr>spatial and attribute information</srccontr>
			</srcinfo>
			<procstep>
				<procdesc>
For Digital Revision Status = Not digitally revised:
This Digital Line Graph was digitized from the USGS source
quadrangle, by either the National Mapping Division, one of
their cooperators, or one of their contractors.  The digital data
were produced by one of the following methods:

- scanning a stable-based copy of the graphic materials.
The scanning process captured the digital data at a
scanning resolution of at least 0.001 inches;  the
resulting raster data were vectorized and then attributed
on an interactive editing station.

- scanning the paper map.  The scanning process captured
the digital data at a scanning resolution of at least
0.001 inches;  the resulting raster data were vectorized
and then attributed on an interactive editing station.

- scanning a stable-based copy of the graphic materials.
The resulting raster data were then manually digitized
and attributed on an interactive editing station.  The
resolution of the digital data is at least 0.001 inches.

- scanning the paper map.  The resulting raster data were
then manually digitized and attributed on an interactive
editing station.  The resolution of the digital data is
at least 0.001 inches.

- manually digitizing from a stable-based copy of the
graphic material using a digitizing table to capture the
digital data at a resolution of at least 0.001 inches;
attribution was performed either as the data were
digitized, or on an interactive edit station after the
digitizing was completed.

- manually digitizing from the paper map using a digitizing
table to capture the digital data at a resolution of at
least 0.001 inches;  attribution was performed either as
the data were digitized, or on an interactive edit
station after the digitizing was completed.

The determination of the DLG production method was based on
various criteria, including feature density, feature
symbology, and availability of production systems.  Four
control points corresponding to the four corners of the
quadrangle were used for registration during data
collection.  An eight parameter projective transformation
was performed on the coordinates used in the data collection
and editing systems to register the digital data to the
internal coordinates used in PROSYS, and a four parameter linear
transformation was performed from the PROSYS internal coordinates
to Universal Transverse Mercator (UTM) grid coordinates.  The DLG
data were checked for position by one or more of the following
processes:
- comparing plots of the digital data to the graphic source.
- comparing the digital data to the digital raster scan.

DLG data classification was checked by at least one of the
following processes.
- comparing plots of the digital data to the graphic source
- comparing the digital data to the digital raster scan.
</procdesc>
				<srcused>MAP1</srcused>
				<procdate>Unknown</procdate>
			</procstep>
			<procstep><procdesc Sync="TRUE">Metadata imported.</procdesc><srcused Sync="TRUE">C:\DOCUME~1\spenman\LOCALS~1\Temp\xml45A4.tmp</srcused><date Sync="TRUE">20090206</date><time Sync="TRUE">09430600</time></procstep></lineage>
	</dataqual>
	<spdoinfo>
		<indspref>
For Public Land Survey System:
U.S. Department of the Interior, Bureau of Land Management:
U.S. Public Land Survey System

For Boundaries:
U.S. Department of Commerce, 1977, Countries, dependencies, areas
of special sovereignty, and their principal administrative divisions.
(Federal Information Processing Standard 10-3): Washington,D.C.,
National Institute of Standards and Technology.

U.S. Department of Commerce, 1987, Codes for the identification
of the States, the District of Columbia  and the outlying areas of
The United States, and associated areas
(Federal Information Processing Standard 5-2): Washington, D. C.,
National Institute of Standards and Technology.

U.S. Department of Commerce,1990, Counties and equivalent
entities of The United States, its possessions, and associated areas
(Federal  Information Processing Standard 6-4):  Washington, D.C. National Institute of Standards and Technology.
</indspref>
		<direct Sync="TRUE">Vector</direct>
		<ptvctinf>
			<sdtsterm Name="truidoso">
				<sdtstype Sync="TRUE">String</sdtstype>
				<ptvctcnt Sync="TRUE">4597</ptvctcnt>
			</sdtsterm>
			<esriterm Name="truidoso"><efeatyp Sync="TRUE">Simple</efeatyp><efeageom Sync="TRUE">Polyline</efeageom><esritopo Sync="TRUE">FALSE</esritopo><efeacnt Sync="TRUE">4597</efeacnt><spindex Sync="TRUE">FALSE</spindex><linrefer Sync="TRUE">FALSE</linrefer></esriterm></ptvctinf>
	</spdoinfo>
	<spref>
		<horizsys>
			<geograph>
				<latres Sync="TRUE">0.000000</latres>
				<longres Sync="TRUE">0.000000</longres>
				<geogunit Sync="TRUE">Decimal degrees</geogunit>
			</geograph>
			<geodetic>
				<horizdn Sync="TRUE">North American Datum of 1927</horizdn>
				<ellips Sync="TRUE">Clarke 1866</ellips>
				<semiaxis Sync="TRUE">6378206.400000</semiaxis>
				<denflat Sync="TRUE">294.978698</denflat>
			</geodetic>
			<cordsysn><geogcsn Sync="TRUE">GCS_North_American_1927</geogcsn></cordsysn></horizsys>
		<vertdef>
			<altsys>
				<altdatum>National Geodetic Vertical Datum of 1929</altdatum>
				<altres>1</altres>
				<altunits>feet or meters</altunits>
				<altenc>attribute values</altenc>
			</altsys>
			<depthsys>
				<depthdn>Mean lower low water</depthdn>
				<depthres>1</depthres>
				<depthdu>meters or feet</depthdu>
				<depthem>attribute values</depthem>
			</depthsys>
		</vertdef>
	</spref>
	<eainfo>
		<detailed Name="truidoso">
			<enttyp>
				<enttypl Sync="TRUE">truidoso</enttypl>
				<enttypt Sync="TRUE">Feature Class</enttypt><enttypc Sync="TRUE">4597</enttypc></enttyp>
			<attr>
				<attrlabl>FID</attrlabl>
				<attrdef>Internal feature number.</attrdef>
				<attrdefs>ESRI</attrdefs>
				<attrdomv>
					<udom>Sequential unique whole numbers that are automatically generated.</udom>
				</attrdomv>
			</attr>
			<attr>
				<attrlabl>Shape</attrlabl>
				<attrdef>Feature geometry.</attrdef>
				<attrdefs>ESRI</attrdefs>
				<attrdomv>
					<udom>Coordinates defining the features.</udom>
				</attrdomv>
			</attr>
			<attr>
				<attrlabl>FNODE_</attrlabl>
				<attrtype Sync="TRUE">Number</attrtype><attwidth Sync="TRUE">11</attwidth></attr>
			<attr>
				<attrlabl>PERIMETER</attrlabl>
				<attrtype Sync="TRUE">Number</attrtype><attwidth Sync="TRUE">11</attwidth></attr>
			<attr>
				<attrlabl>Q100_ID</attrlabl>
				<attrtype Sync="TRUE">Number</attrtype><attwidth Sync="TRUE">11</attwidth></attr>
			<attr>
				<attrlabl>NAME</attrlabl>
				<attrtype Sync="TRUE">Number</attrtype><attwidth Sync="TRUE">11</attwidth></attr>
			<attr>
				<attrlabl>ABBREV</attrlabl>
				<attrtype Sync="TRUE">Number</attrtype><attwidth Sync="TRUE">12</attwidth><atnumdec Sync="TRUE">3</atnumdec></attr>
			<attr>
				<attrlabl>TNODE_</attrlabl>
				<attrtype Sync="TRUE">Number</attrtype><attwidth Sync="TRUE">11</attwidth></attr>
			<attr>
				<attrlabl>LPOLY_</attrlabl>
				<attrtype Sync="TRUE">Number</attrtype><attwidth Sync="TRUE">11</attwidth></attr>
			<attr>
				<attrlabl>RPOLY_</attrlabl>
				<attrtype Sync="TRUE">Number</attrtype><attwidth Sync="TRUE">11</attwidth></attr>
			<attr>
				<attrlabl>LENGTH</attrlabl>
				<attrtype Sync="TRUE">Number</attrtype><attwidth Sync="TRUE">11</attwidth></attr>
			<attr>
				<attrlabl>MAJOR1</attrlabl>
				<attrtype Sync="TRUE">Number</attrtype><attwidth Sync="TRUE">6</attwidth></attr>
			<attr>
				<attrlabl>MINOR1</attrlabl>
				<attrtype Sync="TRUE">Number</attrtype><attwidth Sync="TRUE">6</attwidth></attr>
			<attr>
				<attrlabl>MAJOR2</attrlabl>
				<attrtype Sync="TRUE">Number</attrtype><attwidth Sync="TRUE">6</attwidth></attr>
			<attr>
				<attrlabl>MINOR2</attrlabl>
				<attrtype Sync="TRUE">Number</attrtype><attwidth Sync="TRUE">6</attwidth></attr>
			<attr>
				<attrlabl>MAJOR3</attrlabl>
				<attrtype Sync="TRUE">Number</attrtype><attwidth Sync="TRUE">6</attwidth></attr>
			<attr>
				<attrlabl>MINOR3</attrlabl>
				<attrtype Sync="TRUE">Number</attrtype><attwidth Sync="TRUE">6</attwidth></attr>
			<attr>
				<attrlabl>MAJOR4</attrlabl>
				<attrtype Sync="TRUE">Number</attrtype><attwidth Sync="TRUE">6</attwidth></attr>
			<attr>
				<attrlabl>MINOR4</attrlabl>
				<attrtype Sync="TRUE">Number</attrtype><attwidth Sync="TRUE">6</attwidth></attr>
			<attr>
				<attrlabl>MAJOR5</attrlabl>
				<attrtype Sync="TRUE">Number</attrtype><attwidth Sync="TRUE">6</attwidth></attr>
			<attr>
				<attrlabl>MINOR5</attrlabl>
				<attrtype Sync="TRUE">Number</attrtype><attwidth Sync="TRUE">6</attwidth></attr>
			<attr>
				<attrlabl>Q100_</attrlabl>
				<attrtype Sync="TRUE">Number</attrtype><attwidth Sync="TRUE">11</attwidth></attr>
			<attr>
				<attrlabl>AREA</attrlabl>
				<attrtype Sync="TRUE">Number</attrtype><attwidth Sync="TRUE">12</attwidth><atnumdec Sync="TRUE">3</atnumdec></attr>
			<attr><attrlabl Sync="TRUE">ID07_</attrlabl><attalias Sync="TRUE">ID07_</attalias><attrtype Sync="TRUE">Number</attrtype><attwidth Sync="TRUE">12</attwidth><atnumdec Sync="TRUE">3</atnumdec></attr><attr><attrlabl Sync="TRUE">ID07_ID</attrlabl><attalias Sync="TRUE">ID07_ID</attalias><attrtype Sync="TRUE">Number</attrtype><attwidth Sync="TRUE">11</attwidth></attr><attr><attrlabl Sync="TRUE">NM07_</attrlabl><attalias Sync="TRUE">NM07_</attalias><attrtype Sync="TRUE">String</attrtype><attwidth Sync="TRUE">25</attwidth></attr><attr><attrlabl Sync="TRUE">NM07_ID</attrlabl><attalias Sync="TRUE">NM07_ID</attalias><attrtype Sync="TRUE">String</attrtype><attwidth Sync="TRUE">12</attwidth></attr></detailed>
		<overview>
			<eaover>
DLG3 attribute codes are used to describe the physical and cultural
characteristics of DLG node, line, and area elements. Attribute codes
are used to reduce redundant information, provide enough reference
information to support integration with larger data base, and describe
the relationships between cartographic elements. Each DLG element
has one or more attribute codes composed of a three digit major code
and a four-digit minor code. For example, with the 1: 24,000-scale DLG
data, the line attribute code 050 0412 has a major code (050), meaning
hydrography, with a minor code (0412) meaning stream.
</eaover>
			<eadetcit>
U.S.Department of the Interior, U.S. Geological Survey, 1987
Digital Line Graphs from 1:100,000-Scale Maps--Data Users Guide 2;
Reston, Virginia

A hypertext extract is available at:
URL: http://edc.usgs.gov/glis/hyper/guide/usgs_dlg

Softcopies in ASCII, WordPerfect, and PostScript format are available at:
URL: ftp://mapping.usgs.gov/pub/ti/DLG/

U.S.Department of the Interior, U.S.Geological Survey, 1990,
Standards for Digital Line Graphs; Reston, Virginia

Softcopies in ASCII, WordPerfect, and PostScript format are available at:
URL: ftp://mapping.usgs.gov/pub/ti/DLG/
</eadetcit>
		</overview>
	</eainfo>
	<distinfo>
		<distrib>
			<cntinfo>
				<cntorgp>
					<cntorg>Earth Science Information Center, U.S.Geological Survey</cntorg>
				</cntorgp>
				<cntaddr>
					<addrtype>mailing address</addrtype>
					<address>507 National Center</address>
					<city>Reston</city>
					<state>Virginia</state>
					<postal>20192</postal>
				</cntaddr>
				<cntvoice>1-888-ASK-USGS</cntvoice>
				<hours>0800-1600</hours>
				<cntinst>
In addition to the address above there are other ESIC offices
throughout the country.  A full list of these offices is at:

URL: http://mapping.usgs.gov/esic/esic_index.html
</cntinst>
			</cntinfo>
		</distrib>
		<resdesc>1:100,000-scale digital line graphs</resdesc>
		<distliab>
Although these data have been processed successfully on a computer system at the
U.S. Geological Survey, no warranty expressed or implied is made by the USGS
regarding the utility of the data on any other system, nor shall the act of
distribution constitute any such warranty. The Geological Survey will warrant the
delivery of this product in computer-readable format, and will offer appropriate
adjustment of credit when the product is determined unreadable by correctly adjusted
computer input peripherals, or when the physical medium is delivered in damaged
condition.  Requests for adjustment of credit must be made within 90 day from the date
of this shipment from the ordering site.
</distliab>
		<stdorder>
			<digform>
				<digtinfo>
					<formname>Arc Shapefile</formname>
					<formvern>ArcGIS 9.3</formvern>
					<transize>1.016</transize>
					<dssize Sync="TRUE">0.795</dssize></digtinfo>
				<digtopt>
					<onlinopt>
						<computer>
							<networka>
								<networkr>http://rgis.unm.edu</networkr>
							</networka>
						</computer>
					</onlinopt>
					<offoptn>
						<offmedia>CD-ROM</offmedia>
						<recfmt>ISO 9660</recfmt>
					</offoptn>
				</digtopt>
			</digform>
			<fees>none</fees>
		</stdorder>
		<availabl>
			<timeinfo>
				<sngdate>
					<caldate>unknown</caldate>
				</sngdate>
			</timeinfo>
		</availabl>
	</distinfo>
	<metainfo>
		<metd Sync="TRUE">20090206</metd>
		<metc>
			<cntinfo>
				<cntorgp>
					<cntorg>U.S. Geological Survey</cntorg>
					<cntper>Clearinghouse Manager</cntper>
				</cntorgp>
				<cntaddr>
					<addrtype>mailing address</addrtype>
					<address>508  National Center</address>
					<city>Reston</city>
					<state>Virginia</state>
					<postal>20192</postal>
				</cntaddr>
				<cntvoice>1 703 648 4543</cntvoice>
			</cntinfo>
		</metc>
		<metstdn Sync="TRUE">FGDC Content Standards for Digital Geospatial Metadata</metstdn>
		<metstdv Sync="TRUE">FGDC-STD-001-1998</metstdv>
		<mettc Sync="TRUE">local time</mettc>
		<metsi>
			<metscs>None</metscs>
			<metsc>Unclassified</metsc>
			<metshd>None</metshd>
		</metsi>
		<metextns>
			<onlink>http://www.esri.com/metadata/esriprof80.html</onlink>
			<metprof>ESRI Metadata Profile</metprof>
		</metextns>
		<langmeta Sync="TRUE">en</langmeta><metextns><onlink Sync="TRUE">http://www.esri.com/metadata/esriprof80.html</onlink><metprof Sync="TRUE">ESRI Metadata Profile</metprof></metextns></metainfo>
	<Esri><MetaID>{CF02EE04-5C0F-4327-840A-9BC0CB8E8063}</MetaID><CreaDate>20090206</CreaDate><CreaTime>09430600</CreaTime><SyncOnce>FALSE</SyncOnce><SyncDate>20090206</SyncDate><SyncTime>09430600</SyncTime><ModDate>20090206</ModDate><ModTime>09430600</ModTime></Esri><dataIdInfo><envirDesc Sync="TRUE">Microsoft Windows 2000 Version 5.0 (Build 2195) Service Pack 4; ESRI ArcCatalog 9.2.2.1350</envirDesc><dataLang><languageCode Sync="TRUE" value="en"></languageCode></dataLang><idCitation><resTitle Sync="TRUE">truidoso</resTitle><presForm><PresFormCd Sync="TRUE" value="005"></PresFormCd></presForm></idCitation><spatRpType><SpatRepTypCd Sync="TRUE" value="001"></SpatRepTypCd></spatRpType><dataExt><geoEle><GeoBndBox esriExtentType="native"><westBL Sync="TRUE">-106.000053</westBL><eastBL Sync="TRUE">-104.99987</eastBL><northBL Sync="TRUE">33.500309</northBL><southBL Sync="TRUE">32.999744</southBL><exTypeCode Sync="TRUE">1</exTypeCode></GeoBndBox></geoEle></dataExt><geoBox esriExtentType="decdegrees"><westBL Sync="TRUE">-106.000053</westBL><eastBL Sync="TRUE">-104.99987</eastBL><northBL Sync="TRUE">33.500309</northBL><southBL Sync="TRUE">32.999744</southBL><exTypeCode Sync="TRUE">1</exTypeCode></geoBox></dataIdInfo><mdLang><languageCode Sync="TRUE" value="en"></languageCode></mdLang><mdStanName Sync="TRUE">ISO 19115 Geographic Information - Metadata</mdStanName><mdStanVer Sync="TRUE">DIS_ESRI1.0</mdStanVer><mdChar><CharSetCd Sync="TRUE" value="004"></CharSetCd></mdChar><mdHrLv><ScopeCd Sync="TRUE" value="005"></ScopeCd></mdHrLv><mdHrLvName Sync="TRUE">dataset</mdHrLvName><distInfo><distributor><distorTran><onLineSrc><orDesc Sync="TRUE">002</orDesc><linkage Sync="TRUE">file://\\DESDEMONA\D\RGIS\truidoso.shp</linkage><protocol Sync="TRUE">Local Area Network</protocol></onLineSrc><transSize Sync="TRUE">0.795</transSize></distorTran><distorFormat><formatName Sync="TRUE">Shapefile</formatName></distorFormat></distributor></distInfo><refSysInfo><RefSystem><refSysID><identCode Sync="TRUE">GCS_North_American_1927</identCode></refSysID></RefSystem></refSysInfo><spatRepInfo><VectSpatRep><topLvl><TopoLevCd Sync="TRUE" value="001"></TopoLevCd></topLvl><geometObjs Name="truidoso"><geoObjTyp><GeoObjTypCd Sync="TRUE" value="001"></GeoObjTypCd></geoObjTyp><geoObjCnt Sync="TRUE">4597</geoObjCnt></geometObjs></VectSpatRep></spatRepInfo><mdDateSt Sync="TRUE">20090206</mdDateSt></metadata>
